"ravens_group","score","unique_id","start_time"
5,10,"7c1b20bff2302ab5c3912e89ab2cfbe3c94b86ca","2021-10-11 20:07:06"
4,6,"16c1511772676b58db1b220afed48411a64c8003","2021-10-11 23:44:42"
6,18,"e0812321ae8d9f16441e965664063c23fd516980","2021-10-12 15:58:00"
2,24,"2916967219687414179bc4d8926ea609d96cd28a","2021-10-12 16:02:30"
6,15,"271d4833123f2454f5d2b8fff76a18b20ef1f9e2","2021-10-12 16:08:04"
3,17,"2eda56cae1ccf77303e2c3b81de8c3c9618354b7","2021-10-12 16:10:35"
6,20,"1ee7693886fd495cdf3e2b16928a4e8979006025","2021-10-12 16:23:45"
6,8,"d65ded46ef308d8c5f1655dfb3dfb4b8909c9152","2021-10-12 16:54:52"
1,12,"4eee666d53263a17f44e94bcac6bbd7fb4047a9c","2021-10-12 16:55:29"
6,12,"32e68e3246a54784d7c3be1883cda8ae3690b772","2021-10-12 19:05:36"
3,27,"74c5e55a1c85e9299f08de21d46bec265c2aa3ca","2021-10-12 19:07:24"
5,23,"6d47e83bf9aba6247a66c27a3d483ca7019e9d57","2021-10-12 21:38:52"
5,16,"5b68e1cc3d4e6860b91f4d85119fcbfb2ba381f7","2021-10-13 14:00:13"
3,9,"e87001829a0e2628b224d67a4f9226bbe951f4ef","2021-10-13 16:28:48"
4,25,"0bf8b8c944a55286985114f91945739d1def248b","2021-10-13 17:53:26"
3,18,"a84e3e568851445500f122a3912e653d19673034","2021-10-13 18:42:02"
6,27,"d2691732aac8c817d75320bba1d1b1293097f824","2021-10-13 19:10:26"
3,29,"2796597e617a18fd6f9497358cb517e60673e90f","2021-10-13 20:01:33"
1,4,"80d1bf04d644f49e0c035b6692d82e0115b9fccf","2021-10-13 20:37:47"
1,23,"3622ac55f65f8b4c5f357e381b4a8bf9758cf4b4","2021-10-13 21:31:20"
1,23,"b89733b665b5bbaa734d1e01cbf7b9f51c98ceac","2021-10-14 13:06:41"
5,26,"94eb64d980f7818e0eb91619feb084ecb2527a56","2021-10-14 15:28:29"
1,22,"3a8bd00e373bf41fe26fade3286700c2f276986f","2021-10-14 15:35:29"
4,17,"8e67c9b82da6765de721a3cf392bc9e8aa343d28","2021-10-14 16:00:09"
3,19,"3ae4db509408376b55447cf05c69588053401d1e","2021-10-14 16:25:05"
1,12,"b3f9dd4482db7b9771177d800849260823ea7828","2021-10-14 16:35:37"
1,33,"ebad142e9122a1ce350072883b9914f507e196cf","2021-10-14 18:14:06"
4,18,"77f2e40cf69d17c20a7de29539e688422251eb78","2021-10-14 20:37:21"
6,16,"6eba502ac0621799c3409c6703761fcbbc47d7b1","2021-10-15 14:05:12"
6,16,"6d711b9496ebb6cf68029748b85367b347a74652","2021-10-15 14:07:28"
3,12,"0e6b13c9bb7521eaec4172607d7f730f2904cf5c","2021-10-15 14:08:38"
1,17,"d1f0449cc59c54db59fdbfcc6611a487ffa39f39","2021-10-15 16:00:02"
6,18,"e2452c087dece7ddd415b4090929878654ce18cf","2021-10-15 17:06:16"
2,24,"c3a7d48cc24cceecbace75da00d6709ab05a1c9e","2021-10-15 17:09:35"
5,19,"8260be85b785152a8aeb817f3cf5fe0fa955afc5","2021-10-15 17:54:22"
2,16,"f711a3fc39b11bee54641c6c25a1ef432de9352a","2021-10-15 17:59:12"
4,17,"152d214778a46fdaba9a515ed052b36d44fdd7ec","2021-10-15 18:03:46"
4,20,"ef70cd6af3b93d1fe6e749e6ee1a36bee884846f","2021-10-15 18:06:48"
1,33,"ed0d916ea046b0dcd906c6d22660fe2b6dac15ed","2021-10-15 18:24:40"
4,13,"1466ff4aa6d99c75ef4cf359a62c101718601079","2021-10-15 20:00:02"
1,17,"ea43ce471183844b506ac84dd440113c37c2913f","2021-10-15 20:05:27"
3,28,"d434e49199c3074019a4896a9f1a854af9c868b9","2021-10-15 20:08:20"
6,27,"2fb47b454d899473f054008f3a35c7e588539b68","2021-10-18 13:19:01"
4,19,"5a46357caa611850f21ece265cf3d4f8e15c15bc","2021-10-18 15:08:42"
3,18,"a10c6020106a2db647f0ffb9026e00edfbc941f9","2021-10-18 15:54:40"
5,19,"43848447ce6ee14464f39bf365b68b1bc883a1cb","2021-10-18 17:37:14"
6,26,"e6b2d886845ee72c9217a9c6ca6a72699ac798bb","2021-10-18 18:06:42"
2,8,"e303577ce477dc510b92653982a7f295699bfd19","2021-10-18 18:32:27"
3,16,"b3371efdb9587a6396000016a958d2de0a3a2d6e","2021-10-18 18:37:50"
2,23,"d3f3b57b4a4f04046bd7be819381c6bfb9e7d8cc","2021-10-18 20:37:27"
4,20,"498ae2d03e6af75dba8ab547d41718b15166663b","2021-10-18 21:00:15"
5,19,"b139a4a5635344025729424a84cdc3a93738ccb1","2021-10-18 21:56:53"
6,31,"c8e22ddc6d4c9d31316c1f8270438e0715cbc9f5","2021-10-19 13:58:11"
4,28,"4543c1c37366d10369b6f62f8f1e42edeb7bbbcf","2021-10-19 14:01:19"
3,22,"4b5f294b6abee1900bbbd55fb27f1ede01f0bfdf","2021-10-19 14:54:02"
3,15,"ca59680bf597c455dc7f5fd84ede6bd813b0ecf7","2021-10-19 15:06:07"
5,5,"fed33946f34e486a53155731c1de1184ee85c774","2021-10-19 16:00:58"
2,28,"14de628e4b5d71daa749dc002611ebe20b0d1fc2","2021-10-19 16:12:12"
3,24,"606aab2a0b98a879ee8ac49e8115e92572339342","2021-10-19 16:14:50"
2,3,"b0fc92bda2691721549a68a03e90e51e78ad3038","2021-10-19 16:38:29"
4,7,"06a9d378cba8dd58e944e63e675c243b8e582582","2021-10-19 16:59:29"
1,6,"5552730734d807ced21f1fab6286de5de9176d78","2021-10-19 17:02:20"
6,19,"63d57579dd42072703c74baeb2a5c6c1ea40c921","2021-10-19 17:17:29"
1,15,"885bbfd87955c125cf32e8987da9ad0c7a57908d","2021-10-19 20:32:09"
1,18,"322b7f833b3b20e870267acec543c53ad9c5f46f","2021-10-19 21:06:00"
5,22,"6287142774a65278461c2a6ced8f1c017647113b","2021-10-20 15:00:56"
6,21,"642bb023f9bac9d2112b4c3d62438bb08a8d82ea","2021-10-20 15:08:42"
6,4,"45dae0bb6965cdd57383bb39c6e43eccd15b1f1c","2021-10-20 16:05:31"
4,22,"9478f78d7b35b69ec4b41bc91770ddc0a5e35cbd","2021-10-20 17:04:52"
1,20,"8224630b4ffc8c8e0178d70e51a29f22c4a3d2be","2021-10-20 17:08:22"
5,17,"b25ce838208e89408bd5fd7c1d3e604a763d07b7","2021-10-20 17:30:34"
4,11,"c47671811e041a1703a676e8fa387f2f855486c2","2021-10-20 17:33:30"
6,5,"79967bffc7ee62ad730f2a5fdf31f79446bee229","2021-10-20 17:37:22"
1,27,"e467ae7e2a7f4ac6f6ff1a89f27db59adb634d72","2021-10-20 18:24:04"
6,8,"eadfaecf49f8846e211bb62df2d87d593b641bbc","2021-10-20 18:30:27"
2,10,"2ca8cecb783e227633149b58cdc152fb6c8f3183","2021-10-20 18:35:19"
4,11,"7a2edd443dc7e4636bba741f6d846fbce2e1629c","2021-10-20 18:41:08"
6,20,"21ac2962d575889460f02d690ff305a7e6c93e14","2021-10-20 19:07:21"
2,19,"f77d96768b1993e542e90e959689b5eb42cae125","2021-10-20 20:35:20"
2,12,"500ea57ef69be3b65148624db99a19988fd03725","2021-10-20 20:57:17"
6,18,"2790b3a7c224250ef823a1eb9fbd2313b45ac7cc","2021-10-20 21:00:00"
6,20,"c0407c6301db2e2c50a1ae691b08192e137dc0d5","2021-10-20 21:07:59"
1,22,"3f224f66a3dae1df7ac3c2b0598ed799e4a463dd","2021-10-20 21:20:49"
1,13,"a9948645f3eed89fc225b5dfaa78a56e4021ec45","2021-10-20 22:34:38"
2,17,"943d7db375d71b812c8c87b7494da19ee16623e4","2021-10-21 13:21:59"
4,8,"15479d55e52cc46715f42a09120c91ca99b52a59","2021-10-21 14:01:36"
2,10,"a97ec67ec54b0494453fa11ae05fe5142ca431ca","2021-10-21 14:50:49"
5,25,"2deb23bf7e8f75e2a1f762eff6cd5e3a43c3cc82","2021-10-21 15:52:52"
1,18,"05305980d6911b0a703646343fbab70d287da8d0","2021-10-21 15:59:01"
6,19,"3a900c24202d15239dafbb2075fb98810e75bab6","2021-10-21 18:12:44"
4,17,"9a3a14c58c59a4a5ebefe271a98a5818e39163e2","2021-10-21 18:26:30"
5,25,"fc4206209f2b023edfbd05af0ec70da97bbf54fb","2021-10-21 18:49:48"
4,26,"39bad82e321fa1d7fe75ef34c5a8386dd4bab0c5","2021-10-21 21:00:42"
1,21,"577b84292d46c265a2c08205141e3c7752fd8aa3","2021-10-21 21:04:20"
3,16,"35173cbcabc3d6cb3259f51b6cb5103ee6f15c47","2021-10-22 13:12:12"
4,30,"4ff4b6b687920487b707f5ceadd4f16750e7f4a8","2021-10-22 16:07:28"
2,15,"3dd1d39518f20f56d02319af854070930c020d15","2021-10-22 16:07:53"
2,29,"9a03427698c721672a4001c801c656a7b47263aa","2021-10-22 16:12:53"
4,13,"543ec847e1780ec1b2dc6bcf9bae586eb01e94d1","2021-10-22 16:13:31"
6,22,"88d8de0182c570f6de19a675fc7ec24c11293aa0","2021-10-22 16:15:42"
2,15,"6da81d70544d13589abb2161ea0dc3ee673e71ff","2021-10-22 17:12:40"
4,17,"cc62328739982ff19444f3b4988acf6a4c84a300","2021-10-22 17:17:12"
1,24,"bc8b58e8cd92b14471f66b561a27fda5394e014d","2021-10-22 17:35:48"
3,10,"60d56aef3354f4c24c51a70006e910e9bf89bd00","2021-10-22 18:06:51"
1,8,"dcd8aaa204b9f5347996c46f942e21b085c932a2","2021-10-22 18:07:52"
5,28,"86154184d1b0397624aacf20e30ca60a0123f892","2021-10-22 18:09:14"
4,12,"520a490120c3784d5c503c7eba26d404d8d2d70c","2021-10-22 18:09:20"
5,22,"63f244895138ed166a8954bb46d5035697473e69","2021-10-22 18:58:41"
6,27,"f05c5b457effe0dfb1cb3ef3fe3566e0e6450e82","2021-10-22 19:03:28"
5,17,"61d7deabadc9a74528184906e4b780435738fdd3","2021-10-22 19:06:07"
5,25,"632670d799adc249676aeffc686b5932311b6939","2021-10-22 19:23:30"
2,26,"f33a3a078d36b330dd4f2b986dccd3158fa0367d","2021-10-22 20:10:17"
2,30,"5143c08c64c9ab99af9254eaab97e08086ffd726","2021-10-22 20:10:35"
3,12,"fb695f289cd6c0e725f2141a57520646e803fd0f","2021-10-22 21:07:33"
1,24,"6b1e862dbda3145b8be3d23d359963ff80ad71e0","2021-10-22 21:07:41"
4,19,"2057544a84dcaaa00d4145c785ebaac4b6839edb","2021-10-22 21:08:42"
4,22,"a6223d733a457f7b8879949c2141b46f7f2eb442","2021-10-23 16:35:08"
6,24,"d557ce22190199d9e2abfc0b5a22708be0a7a917","2021-10-23 16:36:50"
5,31,"12bd3ac995d10a6a4f93d00d7de36728d1a9d883","2021-10-25 15:10:55"
2,26,"2d407b50fa9b7285ba55363281d6a04759c79fa0","2021-10-25 16:04:25"
6,16,"8c0cff38b58a99295ec77db47df2ac20ba4ec414","2021-10-25 16:11:54"
6,32,"7220c9fbd184c82d56114e277115521fb4171412","2021-10-25 17:18:40"
1,18,"a395674105a9a1bbf87b57f2e9bc946e93607e5c","2021-10-25 20:29:00"
2,21,"9eb8e82382be759d97623d9a9929303dd8d315d3","2021-10-25 21:00:57"
4,22,"69bb4813889d0b006143e8d692186091c1ab50aa","2021-10-26 14:35:52"
4,9,"8ee374d01b96a87368929ebccd0091125953afee","2021-10-26 16:17:35"
6,25,"485e483614b479dcd956a6981e39700c7c8ecaa6","2021-10-26 17:16:55"
1,13,"a6f8e73192e49873fc379e87cf681a3ccff9642a","2021-10-26 17:27:34"
1,17,"055bb07b61db0f3796142f273dfcc9cb4a76a1c1","2021-10-26 18:02:49"
4,16,"87e99417ee0d10818b2e0590a61ec79ade8aeab4","2021-10-26 18:14:49"
1,9,"3e6ae53cb31826133fc46aa691bdf4e81f47de9c","2021-10-26 19:07:08"
5,17,"f6ea0dcc48d10f2a04795583becafef06ce719d1","2021-10-26 19:12:45"
6,17,"70df815db6b984200c8a27d91c3ddec1dc3b5ae1","2021-10-27 15:04:56"
4,5,"c18482f7fe3dade61805d18f32217280d345b78e","2021-10-27 16:05:12"
2,7,"8e3421ad368d15eede3186402075410059783060","2021-10-27 16:06:39"
6,16,"542247cb422b3343318f94efb42ae74b9c365775","2021-10-27 16:06:40"
2,12,"74bf5dd88660b16a2f939d0aaf11956c63439f92","2021-10-27 16:12:06"
4,28,"0383ff1c6cd914d7f8d519b39f03eee7ae567529","2021-10-27 17:04:07"
5,27,"e0527e3d22e22af6e977985ac680ad941aaa2180","2021-10-27 17:08:03"
2,28,"d34ba98ebeb6e9e541dba1ac68fa4985a68e7bd8","2021-10-27 17:27:29"
5,22,"34aac87f7a79b995550d978afab16baafc0191a0","2021-10-27 20:06:12"
6,22,"70179f00785b14326938e9e9adc57ed29286ec6f","2021-10-27 20:33:18"
3,27,"9e13306ee08438ce83cf6c016781b84183912616","2021-10-27 20:56:36"
4,34,"f4f9e9f726dd723f90653a7d907eb3a74d5b84a9","2021-10-27 21:08:04"
5,30,"79e87665b28a3f816111c7f2a9af7ed9a2718cb3","2021-10-27 21:08:58"
4,21,"a4ee938c89aeaf1aa8233cba82275816b242ef62","2021-10-27 22:44:53"
3,31,"f0b5ce07fd81c7ca506cba586342c5cc01d987d8","2021-10-28 13:06:44"
4,22,"573011181a4e55c93e1a7e65336dbf07d6e8bf16","2021-10-28 16:30:24"
6,13,"fce39ddd8f68220d3e4bc4b5b14f9668e5731e74","2021-10-28 17:01:22"
2,32,"f225b8d97022e27e3738da1bd498b9ba5c418c9d","2021-10-28 17:07:34"
4,27,"58560221ca558175606fa076f1f1adbde85b738d","2021-10-28 17:08:22"
3,14,"bc9ed14c5a86ddd2abc8dc17e19958878f7e8b68","2021-10-28 18:13:46"
5,10,"b0115eb0bc3b650cccacda89c34f3901b0c1504e","2021-10-28 18:59:44"
5,20,"875132814b1242bbc3f4470cb23008ba754d8d08","2021-10-28 21:07:27"
1,17,"fbdc0bfdeeda72311663076611b8dd364e8719a8","2021-10-29 13:32:14"
5,20,"39de66970df3dc6eb282edb542dad145b8d159ae","2021-10-29 14:06:18"
1,13,"333cd2c0644ae75b1e7a7f340976d46c3733bb08","2021-10-29 14:16:22"
3,16,"5eceb34089e643fbae770a3923412f8aee67992d","2021-10-29 15:10:17"
6,26,"6a5be5b6ca9c14f94c88164e51cd938cf3109a66","2021-10-29 16:01:33"
6,19,"ee4a6388e130ad1db88017eb8ff4cf03f75e1019","2021-10-29 16:10:35"
3,11,"015e55478f281b12a0775b970d322f57e708665b","2021-10-29 17:02:25"
1,14,"6753b872f08b1b61e2d193cba9ae91db486994c1","2021-10-29 18:10:15"
4,5,"21e62f5904588232d2338f4192e79b7870233073","2021-10-29 18:51:50"
4,29,"f164fd056d0ed9448295a80ffed68c8df815abdc","2021-10-29 19:10:46"
6,17,"f9d0ad73f5aa38b45cb1e2ad2769b45d23b403bb","2021-10-29 19:33:39"
6,27,"5a125445f12ab956a4b7cafb360d697b08fbd2b7","2021-10-29 19:44:20"
1,17,"54cfe80f8b6c8f224d94b6dbceb4d57f94bccfbd","2021-10-30 16:03:51"
5,26,"52a10351a86c7af21653ea006808029018c2590d","2021-10-30 16:18:09"
2,24,"4a99dad4356cdf77d7947566766c41cd0a38deae","2021-11-01 17:19:31"
6,3,"3bb6d4c081046814b21f158a429fcb571d281330","2021-11-01 19:19:36"
5,18,"63626d9c56dd59a762a3b5dfec88f7afefc38cd7","2021-11-01 20:02:18"
2,24,"b25ecdce38f9d894b9b30f352988a7290041da9e","2021-11-02 16:08:07"
6,9,"85c8d7aa6b524357fff648ff39a4a6dbc60b90f7","2021-11-02 18:02:50"
6,19,"a64dbe58d736c47ee52b1795e3f2cf7461eab619","2021-11-02 18:17:52"
6,25,"0107abef0bffeae478134ef5829c20c55d50cabd","2021-11-02 18:36:11"
1,12,"cbc0d54c0fe9d2d871c2c2f1ce449987b6c5785f","2021-11-02 19:04:48"
2,16,"83bfa971010f29fd5cda0134bd6a10de9e405f2b","2021-11-02 20:09:45"
2,19,"b5151d1df48113bfdd7613b00d8a20f3caaeae78","2021-11-02 20:39:05"
5,26,"befd1516df80ac8575033ddc4416209b53681456","2021-11-02 21:12:01"
4,13,"14b4d157b10afc2dbf4c3da54f0a72fb550b6348","2021-11-02 21:13:09"
6,31,"1f7da8ced5e624bd8645e5491d6929ca725c698a","2021-11-02 22:10:56"
6,15,"ebc9346facc87d577defa1d7a06b7f997f9e58de","2021-11-03 14:19:01"
1,16,"6e659eceda7a2b47a7e86931ec816f847113c363","2021-11-03 15:11:26"
3,25,"50cfc63cb9d37082305e42c2c2edcaf707b4072f","2021-11-03 15:57:05"
3,27,"d188f134cfb69f46bd5712997291b9cb22eb7904","2021-11-03 16:16:04"
4,29,"9d3b70a81095b2ebf068c81585fb5fb61c472b92","2021-11-03 17:09:00"
1,17,"0f9960b00b39729d9a78e3f4524e4d0caa2980ae","2021-11-03 20:15:32"
3,2,"407c03756888ece4dd2a6006d3ae2b3a53f6b8f9","2021-11-03 20:22:10"
4,20,"93cfbccc85d4959959c5fc2028eb31ece931b4b2","2021-11-03 20:29:41"
1,17,"ecc1728777ba0eb55a64293de0f91d4dff20987e","2021-11-03 20:45:25"
1,20,"f4846d8b11fc0a85173189a34bbeed2676c7e287","2021-11-03 20:54:33"
3,15,"427e78769cce22be2bc136637e026c7efac61bdc","2021-11-04 14:23:29"
5,26,"6797b1adcb3d70c6a57aaa038237178b0a253b74","2021-11-04 15:09:34"
3,16,"cb0e5b04ac0dc6b850eb7e3f72f2b6a63757296c","2021-11-04 15:41:06"
1,23,"4880b13a7981db29326e52e10b2feda71612604d","2021-11-04 17:06:32"
3,12,"5a94efcda0eb2a6628159e4224832bc9e4a40a05","2021-11-04 17:16:52"
1,12,"ac741c9c8e6a8dad6cb8211a09e70b9aa054a311","2021-11-04 17:18:53"
3,27,"43b3fa374b49e49eebaae415c732f58942221831","2021-11-04 17:43:15"
5,12,"365fb7057eea7f23578a77f34691b2cdefb2deab","2021-11-04 17:52:32"
3,9,"4fb101a45989a1de712a632bb9fdcc55b07355be","2021-11-04 18:13:36"
1,20,"8229143ff1c3cca9ee6fb7b81a2270173f7e41c3","2021-11-04 19:07:29"
5,26,"13942431c4dcf721f68c00662ea08048281d5661","2021-11-04 21:00:37"
1,17,"86fc65ea14231765b66d4284905d0e38c50c9cf4","2021-11-04 21:01:02"
6,13,"c3f7711a798152c77a7e1fbac378ff6e82061c5a","2021-11-04 21:17:47"
5,17,"497a0617508b947956bb8ca8d8541ab56784e35b","2021-11-05 14:07:32"
4,10,"a0c44e99ce397070a8d87b8d437b4f97da560b53","2021-11-05 16:00:30"
5,13,"f49f25b0a9e27227d03d940fa7021ac5a0e2a2cc","2021-11-05 18:09:07"
3,27,"762d4418f6ce62cfc7fee341dc16139c9e70cdf0","2021-11-05 18:09:54"
4,5,"5d1529d40add231c52f8574f7f126bc8e59ae9f3","2021-11-05 18:10:21"
5,29,"b9e11b86cfaac4e514c6e8524a5f6573789e0031","2021-11-05 18:10:27"
1,22,"201a2572961afc0ef5e02d813f1375964fde4cbf","2021-11-05 18:55:37"
3,18,"e567cfff7016212b30ecc09464b5446f89f0e8c7","2021-11-05 19:21:14"
2,24,"cd9834a39551765bfffdfe3536ce093d5aa1f019","2021-11-05 22:01:05"
4,26,"f5329e655a25246dbf205bf7ba7c8a42f3331d5e","2021-11-06 16:04:05"
NA,15,"b9ce9b71ef782ef6c6e803501927cc59fe55b2cd","2021-11-08 19:32:09"
4,6,"023bf3114274c3ea3ad916a8969124f3b432d5aa","2021-11-08 20:10:32"
3,17,"c880f15919991eeb30887ebb08ef64d85979ef11","2021-11-09 16:39:01"
5,9,"f4849515eecec507dfc2f06ac8130dad9435ee40","2021-11-09 18:06:33"
6,20,"cf6b8c697afe31a6c587bca01221e08de18e3bb0","2021-11-09 18:17:08"
3,15,"c76b37c25961f1839554fab60e7f643a34c441d2","2021-11-09 19:06:11"
6,12,"0feae7269198738124aedffe40985242879cccd1","2021-11-09 19:22:16"
4,22,"4498c0e2e0cc5fc40959b44246811fc70cfb022d","2021-11-09 20:08:38"
1,18,"0d2a7f2e5248c4c0bd7e9de622f527eac13e637a","2021-11-09 20:24:49"
1,11,"cb572205eb13c61f58f9a4cac5059914a0368514","2021-11-09 21:32:24"
1,14,"06567906a87140a2ef4f41e4f67ca98829a323c1","2021-11-09 21:49:09"
6,25,"6373122f783ef263a245dff244787679f5f6753a","2021-11-09 23:08:56"
6,24,"0aaf0c71749c534e33661fd6ea7f864e0b833f61","2021-11-10 15:05:29"
6,20,"84a93caf289301a8a0673ddc743d46159264d9f9","2021-11-10 16:05:17"
2,20,"5f5820aa823a5719d9463a79c656934a50946a0a","2021-11-10 16:24:50"
1,28,"6394365db99aab543f2c7b4e382a4ed9ddf163d4","2021-11-10 18:33:16"
6,8,"9ab268bced6eb3921264b4a5d530df4698ed70bf","2021-11-10 20:05:52"
1,10,"0fb29883e2946a034e22ac797321f79d2681924e","2021-11-10 20:16:02"
1,23,"88276c151f95e7a049960548a5db37db1f17cfe6","2021-11-10 21:36:01"
6,7,"ab7f43074f97c791bd87b285e22ad1a96a0ff981","2021-11-10 21:41:32"
4,27,"2b8690aa8fdd0ee15d99597298044e26eb07a641","2021-11-10 21:49:00"
3,20,"32b8bfdc4fd3bf1543253e84beadc3bb2b8067fa","2021-11-10 22:08:18"
5,31,"b5ca3ee7bd871ecbb169732cb9e930a013490358","2021-11-10 22:12:31"
3,20,"0d4596a18cad814d7f4c6229190fc0b950c48074","2021-11-10 23:06:49"
5,12,"5ee8bd87d7f78c0b58403316fab23f20eea860ab","2021-11-11 16:12:08"
6,14,"cb1bddba714de26c95a26fa6aa93788af889de85","2021-11-11 17:13:47"
4,29,"2d2aad27caac3d826ebb001f87fbc1f17aafab3e","2021-11-11 21:30:11"
1,27,"9d7e75800aca5b8497ee001a2372d27c1f3cc944","2021-11-11 21:38:09"
4,29,"b2a29716440f168917131f6e2d9fa7c9a57c73df","2021-11-11 22:54:23"
3,13,"3d4970f52b46b8b7b380d33af83a79afcaf94af8","2021-11-12 15:13:30"
5,17,"03b3b33126e8bcbdf089f30d76afdfd461931faa","2021-11-12 15:52:53"
3,22,"d8f9b2e71fd43ad35056cb17ea829129fd7bee19","2021-11-12 16:14:10"
5,25,"a75a9ec9ec99773561b859a326f50376c87c552d","2021-11-12 17:00:45"
3,30,"6a7f6825ec6e6c8510716e93e8c33390c4265b7b","2021-11-12 17:03:35"
6,26,"5a775285293bf8eab289d2d7c7c68ebb2dc9a234","2021-11-12 17:18:05"
3,11,"cac0ee2abeb468fbda57c2c359004b9116b99ffe","2021-11-12 19:02:51"
2,17,"adebf5d6631e1827259aa7362da45da05467baf6","2021-11-12 19:04:17"
NA,29,"9b51fe9d84968ccd0a45c28b331435745a23b35d","2021-11-13 00:18:01"
4,22,"dda6227bf476d08d2a6fc05405f3ff7416332800","2021-11-15 15:23:33"
6,25,"9e40d3ee62a7242d7af6351424122bae8526cc90","2021-11-15 17:08:32"
1,22,"07843fb7f1f7233615a64372906632a6fcda5c2e","2021-11-15 17:38:12"
5,21,"0de83fc8cc2de7abcc11a65793113c74b716fad6","2021-11-15 18:22:40"
6,30,"da43363aab4eeac09f97b10cfd6e8cd38daee2b3","2021-11-15 19:29:13"
6,19,"69822d0c5d351ebc0fe3b9dff3f0c60fa559f9dc","2021-11-15 21:00:55"
3,32,"37270c4655c96ceab7acd1193e7b9f3911c44c71","2021-11-15 21:42:22"
3,15,"6ff27c6b1cdad402c207b118971a8210de3a82f7","2021-11-15 21:54:09"
3,16,"142548c01c82029fdf5641f45be224d0117ca9eb","2021-11-15 23:04:32"
1,14,"d7a3a711b062e172f90bb8b3e0a62014a7b64277","2021-11-16 00:04:49"
4,13,"77ccc13194765bfaa44a077fcd207dbb87bc0f33","2021-11-16 00:12:25"
3,8,"0556db72d64ec149b10da45d88415e91322970f2","2021-11-16 17:39:24"
3,20,"9b34b3f867dae8639c11c05d7651a9e4e03d356e","2021-11-16 18:19:23"
2,27,"f9a7ea6a98a7a45b8b9e7534bcb42ef2fecaabce","2021-11-16 18:41:45"
NA,12,"2bbc456167a63777f7c27603f3e2945dbe43870b","2021-11-16 19:03:24"
NA,5,"b89489a30d8acb83cf7e7d07f0d8e99c18aa77af","2021-11-16 19:14:22"
NA,22,"ef4d7caddfbfef075a9ea6be3ab9328120d63314","2021-11-16 21:37:21"
NA,5,"0c2b68898b70e4575660cf856fb9f996ecbd249c","2021-11-16 21:37:50"
1,0,"dc950ca0f9b53ac7962196c9eae75bfeb5255204","2021-11-17 15:32:59"
3,22,"032ead25f35fb5bd1ec595a0cff29d138eb33df8","2021-11-17 18:00:50"
3,14,"cd9756d342bee79d78dc7637639fc37633c2358b","2021-11-17 18:17:01"
5,15,"dc70693111e99868158a863c74cfacf7d868dbf8","2021-11-17 18:24:34"
5,33,"56712a0b31dbf5a8c22729ea133050a759992d33","2021-11-17 19:02:15"
2,23,"e393615b4534ada999c6c351b2d3f2a7e35986b6","2021-11-17 19:06:18"
5,18,"1cd75aeba6c19f5387602039932656c29cc278c3","2021-11-17 19:14:30"
5,24,"c6ea82d685c01fb4e97610627e1a1e857666f962","2021-11-17 19:45:12"
2,9,"69753af339300e62239cc4ea6ceafd49172fc19a","2021-11-17 20:00:28"
1,16,"b044607054492694cb6fd4e305b3b8f25b388632","2021-11-17 20:08:22"
3,23,"a1e7d13aa4650df5ec89aea90cdd460797594aee","2021-11-17 20:11:15"
1,15,"fdde30880e74a4c69ed8190dab518938b9344218","2021-11-17 20:34:41"
1,5,"c32eea2cd9e584b3c14f76d83901efffff18f2d1","2021-11-17 20:41:35"
1,18,"727ca5321970c0d6406fd5939a4e6d37f2d57dda","2021-11-17 21:15:54"
4,1,"5b69253c02eb297c026b00bd7906f3a4f8370950","2021-11-17 21:45:21"
6,23,"3eddd2a5fcae82eaa23249c67698f7a5cad83a09","2021-11-17 23:10:50"
6,20,"c8a714242fe0e434b961dfd3176577e2144bb8e8","2021-11-18 14:13:03"
2,23,"4e6994f0067ea7656a3a4bb6a63552506c27ea59","2021-11-18 15:31:55"
1,22,"c2a21fdd8ae677c9306bc4a80b86f7b6d642826d","2021-11-18 15:58:58"
NA,17,"cc9b732b47f1ad2f273118011cfc8f9264b25617","2021-11-18 16:28:28"
1,13,"69fbfef9ebaeeb02003d29959475c21be70de928","2021-11-18 16:37:19"
4,21,"43ade56e67753aa887bee4e5c7375ae86183092a","2021-11-18 17:09:31"
5,22,"1ca43ecd1ff3cd1971114216b94c603d3600eb51","2021-11-18 17:18:37"
5,24,"3292c643c393e8191bdf0063cf404ae76084a39f","2021-11-18 18:08:47"
2,6,"b2efb7808f113a5f534682e67a0bb61a00dc16b9","2021-11-18 18:31:20"
1,19,"8aeab3b30692d27ef1ab4c0321cbc4660381d086","2021-11-18 18:56:31"
5,6,"3053b8b2c88e9f1e3b10ed78921c998ab5df85cb","2021-11-18 19:03:08"
5,27,"cf811a666662a9abf0e913e83b6c950d77c28557","2021-11-18 19:03:32"
5,3,"acf67fe59dcee73229b0de926d09a1803fa7856c","2021-11-18 19:10:30"
1,25,"fe7069577568b773c2a22344515b5a677464b02d","2021-11-18 19:12:39"
1,15,"49dee26b3465d7ef1ceac77f14ed16daf35cf1f1","2021-11-18 19:28:10"
1,2,"68a1b316a15f31ebdc3d7b3a2957ee38c3edf5c0","2021-11-18 20:13:58"
3,19,"56b891e27345e0062b727a6b0ca178f40a263141","2021-11-18 20:35:26"
4,10,"cadc847edad99d26f838872b1353e2e227b5e9c2","2021-11-18 22:10:38"
5,22,"314630408a0d2f0fb208a95b727f8329b97731f2","2021-11-18 23:15:18"
2,22,"a33ea371d067228602e81288b511f449ad9eec6a","2021-11-19 15:19:39"
5,23,"21dfdbfc79164fad6b461a3c6977247cc9c2a437","2021-11-19 15:36:47"
4,16,"62709549b5c5b89c62e8d01be82aca7355a79534","2021-11-19 16:04:24"
3,31,"fe043467df5244846caf4fb68d22fdc4df98ab13","2021-11-19 16:06:32"
6,31,"61b99773fecb7769b3c4f4680cce5ed645b3c7f0","2021-11-19 18:05:14"
6,19,"2dcf31bce4fb1ddcc321b2557dfc38779073dc98","2021-11-19 19:05:10"
3,14,"503d26930781347f9d8166046c8858318fe9c238","2021-11-19 20:57:19"
1,23,"7bda4a4db734856960d82cfa95e7e43ed59e7c71","2021-11-19 21:07:08"
3,10,"36a607c5139299010ca6009914d590b1df497231","2021-11-19 22:02:09"
5,29,"4a7a4213be6d0c58c3f28ed32980970a17e535ab","2021-11-20 00:11:00"
5,26,"ad9048d854aa0a95be135b76c19524c3a4e128bf","2021-11-20 15:41:06"
1,27,"8e95cd5027dca1532bd816bfe10ed0155f171684","2021-11-22 15:40:06"
1,15,"11b6299a96311ef12576f8d361e749ac4eda3961","2021-11-22 19:04:55"
3,5,"a57f477e65d15f9ac188f6234b880e8ad2796f72","2021-11-22 19:06:55"
1,18,"26bff65b0891ddda2c9034b1fc9ceed90fa18b92","2021-11-22 19:08:50"
5,22,"c10b9b5b4391a7db595a163271c11a5474b2bf61","2021-11-22 19:11:55"
NA,9,"6982776fbc05ce4ff584337b6f46b0c72d4783c0","2021-11-22 19:22:34"
3,14,"7fcc263d1b37420fcd19b705b42ac562bb498fff","2021-11-22 20:13:05"
1,11,"a2ff1bebaf0cd340f7b003f80e0724ac7159b5fd","2021-11-22 20:15:56"
6,15,"1bfc223163d0003d28ba5a2121268c44d8a2d267","2021-11-22 20:20:00"
1,19,"36cf63c3f90751fee92a999b31d7fc18941eca88","2021-11-22 20:22:35"
NA,19,"78ac4d09b192925d2899835b750854d515232e7c","2021-11-22 20:23:23"
1,17,"57dfc909ffe421eb21aabc52862a336b0fc22999","2021-11-22 20:23:28"
5,29,"17461a512289941b46ed3fd9c5114c5f0e83fa6b","2021-11-22 22:08:58"
6,21,"46f20e14305936579e52cf743c23f6b2d30ea224","2021-11-22 23:06:17"
1,3,"5972ffbc29e5c6c42379bff788ea32b10cbec61c","2021-11-23 16:11:33"
NA,21,"4b5a8c3281d5a55053ab1f3e449c5bd251cfbaae","2021-11-23 18:36:14"
NA,22,"6cdf2464236800d5e3e704d9ebfc809ddf90de6c","2021-11-23 19:13:18"
1,21,"e82ef1a82c11447b11979fa915b64ba0e72e45b8","2021-11-24 19:05:00"
2,6,"e6a90e8073280330472653f2329787e828b17986","2021-11-24 19:06:17"
5,18,"4cadd8ce521e3d1e66b0942d2ec45e5deda1479b","2021-11-24 19:12:49"
5,20,"b07df189f8ee6f605dbf2450213c1dfcccc2bf5a","2021-11-24 19:22:52"
5,14,"52bc9843454b4a834c62ee903d375b708155aea5","2021-11-24 20:05:07"
5,15,"411d17b563b26432c65898604e2fabdf4d46de96","2021-11-24 20:24:10"
5,29,"65bf3e403cdba9e966cccf80fce4b67af5f100aa","2021-11-29 14:41:57"
1,10,"32385c5a0c3bafebd0c1bc37d7122f41259f8695","2021-11-29 15:10:57"
3,25,"c66d861414129a2490ab588d68e91adcd6af16bd","2021-11-29 15:48:19"
5,18,"7c5bc7077e70cffdab0383b78d31b7d9fcf3cb4a","2021-11-29 16:17:46"
5,22,"be3a0e0e2c76f51a15ad94ed15c7265711bd1754","2021-11-29 17:05:42"
3,16,"1bb4ebe8df6123acf324ac029234e30f899c8b89","2021-11-29 18:07:03"
1,29,"a377b9351d2d732251a4c0bc9623064e9956cf41","2021-11-29 18:10:48"
4,29,"b4861701a2c28f79109b9a071abb4aaa08ae6dd0","2021-11-29 18:35:19"
6,18,"5db4dee7c72b4464cc7896edb2861c75e81c1794","2021-11-29 18:58:45"
1,18,"7180f95c75be547ac00147ecce52e6d09736edaa","2021-11-29 19:06:05"
1,34,"76c74ac25d1f7e5566ecdcabcea47c56ab07b388","2021-11-29 20:03:00"
5,5,"579bb5e68469240b1697d7258dae641a28829fa5","2021-11-29 21:04:48"
1,17,"c48c099358c6aa80191c8209d6ce422718971b3e","2021-11-29 21:37:54"
5,24,"1fa5836b8f247b7929e5abf3a4b494b43e79f142","2021-11-29 21:43:57"
3,14,"6b6cd57cbeac65d2b730299702373e8233f6c7e1","2021-11-29 23:05:33"
1,7,"7de0d9c855e68e1f11eeec35b7a7319357bf24fb","2021-11-29 23:23:27"
5,17,"3168cbc67597190252f28117c86704a24b14ee66","2021-11-30 00:10:11"
5,15,"f906d1c1d113d1d6732277464d5aaebb45f19c1e","2021-11-30 14:09:51"
5,22,"5c4ffd046a518615010ff9e7fb35093540274feb","2021-11-30 15:12:57"
1,22,"f04b98f42e73ed76371e8d8bb6ed74947dab10f7","2021-11-30 15:43:32"
5,9,"de08cf2b007ea4e1665db2ab678e958bfa4a510a","2021-11-30 16:15:02"
5,16,"fd974bace77443c1c9d3c0e23c675181c3a0eb99","2021-11-30 18:01:44"
3,14,"7cd56bee3b4f833f59eaafeca7ffa98274c11b43","2021-11-30 18:06:01"
3,9,"c5a27b43361237c23e4063023900d9123d9a299f","2021-11-30 18:11:24"
4,18,"deddd6984757f814b05209f2a980de95af93a11b","2021-11-30 19:03:45"
NA,28,"e2407e10ddcd5ee452af45d9eae4804b187f553e","2021-11-30 20:12:49"
5,0,"8e348cf7655ae8766c37decb6f1d2fe1f0b6fa01","2021-11-30 20:22:10"
6,10,"80a78d71faf5dcd8f9260faaed770a3b0c010e80","2021-11-30 21:37:05"
3,10,"5481d5e24aada2d307bab80e77840db0b779bed4","2021-11-30 21:47:26"
3,20,"b761977c942190cf00ce9f181645fc3ea78d36ca","2021-11-30 22:02:15"
5,10,"543e2970624118a37512b2b2f6d1d1aa4011b2f6","2021-12-01 14:04:39"
6,14,"75fe2de2c5494928c34124e7bfd08d0d07d4141b","2021-12-01 15:08:17"
3,15,"af001160d5d1166b7c2b75316099773827b0369a","2021-12-01 15:11:46"
1,10,"32fa4efa1a9dbfded12702c9deb5903715395fea","2021-12-01 16:12:44"
4,22,"b1a4eadab677f49f0d8057f40f377b6de814cdca","2021-12-01 16:13:56"
5,21,"e558c3b9ff9195858c0af2ba9fc0194739b843d0","2021-12-01 16:14:00"
4,6,"7e401081ee94ed5163ade126afffc44254a70e68","2021-12-01 17:00:05"
5,5,"d59b18246cbd1668c9a8380761a502feebcd666b","2021-12-01 17:05:25"
NA,23,"4ffa7371f89335f41f3c772007299d20c301a442","2021-12-01 19:12:38"
NA,16,"fc241841712249d66cceb10587b702e01a01fee6","2021-12-01 19:14:37"
NA,10,"b97ab8fb378f6a01ac52029a6c3fe6cca64d5d67","2021-12-01 19:15:52"
NA,9,"d6ab46a031cc7f56e84bb3a8cba932c9f5b1d94f","2021-12-01 19:20:45"
NA,19,"bfba1e91e9a523ef326ade6a3768906b22356f18","2021-12-01 19:20:52"
NA,11,"40205dd191366a14c9ce5a946dc9f3b1a9276947","2021-12-01 19:24:45"
3,20,"a11dfafbc06dff936fa8e659d663f97a8ddd0a24","2021-12-01 19:26:29"
6,11,"d472720a27290ca00938e4b22dabbc2229b61ad6","2021-12-01 19:28:39"
4,15,"e5680f20c12984ee8b732f9722c3ecfe99881d69","2021-12-01 19:49:35"
6,14,"74fbb6cf3685ad9fe464bceb8da4330f67d3140f","2021-12-01 19:56:03"
NA,26,"6b7bc758d5bd80697e49217bb283c19913b38c0a","2021-12-01 20:29:29"
NA,16,"acfdc5af22ed815248e4d35ec5e31018b28fc292","2021-12-01 20:29:32"
5,14,"6cc0a200ed66b12864ae0f1f44d2e3b3a7b4c200","2021-12-01 20:29:53"
2,9,"310d17a203e7c99c8c4fdf3f3f265752bd06ee7c","2021-12-01 20:41:55"
1,24,"8a7022c627db70b78d650d6fc35a1bb60d86b133","2021-12-01 21:25:16"
1,20,"74689b07802bc010a7be6a0d14a1e2f3674314e4","2021-12-02 18:08:30"
2,14,"c069e9ee6f1d43d3f4b0cb2103083480c037e152","2021-12-02 19:06:03"
1,24,"d1813ba41b637dc57d73cc18b973b227194ec201","2021-12-02 20:08:43"
1,28,"29275df308847afad4eaf19f48b2f0bc6db8aea0","2021-12-02 20:24:31"
2,11,"95f14aa5876bf2e97acb5e91027e4b047d5547f7","2021-12-02 20:55:16"
5,28,"7ee8124952613ab772a88a40d41020780f7d0c45","2021-12-03 15:03:05"
5,12,"b964e2c5a18d273f8b35f339a001ed734bd904e9","2021-12-03 15:56:05"
1,8,"7c49d3147eb89ec47b884d70317a677e87ee2c4a","2021-12-03 16:01:29"
1,28,"66962f02a2306a05d3fc793547bdb868ddb5d8d2","2021-12-03 16:07:58"
2,29,"16b09676fe6b69804299aed813b2d5223d186e88","2021-12-03 16:08:32"
5,24,"c087662f0f4026a623d55f1bc15ed1fea73c1e2b","2021-12-03 16:09:05"
3,14,"767d374fe82d36d481ca67dfed0019f238bd56df","2021-12-03 16:16:31"
NA,20,"f6564b7c959b9d473a959c700dac1c62ed47e7fd","2021-12-03 17:31:45"
5,21,"020373bb514c4a884bf3878cd145b9e45acb6ffc","2021-12-03 17:37:29"
3,19,"d9c2bb32d83cc4cc1db7c551debe81ebe6aee00e","2021-12-03 18:21:13"
1,29,"35455c2ab8f027f65b35fef2e1c9c9655f523f63","2021-12-03 19:02:52"
5,26,"2df5368ff90a63917dc513a3dd449c273096d6ec","2021-12-03 19:12:53"
3,30,"c5a8c0ed6eb440c68f299226b04b877b6f1d1e69","2021-12-03 20:03:16"
3,17,"40516dcf0fd7dda53d78f3168bd6be630aa17896","2021-12-03 20:10:56"
5,17,"636d959cf6a14724c4816edfbc2baca9f07705da","2021-12-03 20:20:21"
5,14,"7d05bb0fdc53f86aeb28bc7f7716a516c50993ed","2021-12-03 21:00:47"
2,23,"4d6368bfdfa76f9ed400741596617fdfd776c9ac","2021-12-03 21:18:30"
2,26,"a6c42feaf334e2ade23465ac97d72e0459313c1b","2021-12-03 22:05:23"
5,23,"79da8e908f26488771d0ed10c675633bdd2e78e4","2021-12-06 13:59:30"
5,10,"6050913234053dabb5755d9ae7340d9ce621d364","2021-12-06 15:07:21"
1,16,"f3d18a3c2730cab36e354e2466e382a6aafcd964","2021-12-06 16:50:48"
5,25,"533d9473f15a4d5039c4b1068b6cb59c33dc837a","2021-12-06 18:05:02"
6,27,"e2cc866abfc6ad6bfc5d91f6d00900aca8006098","2021-12-06 18:27:18"
2,19,"fa63545accafe6b680e378afa4cf8b9da9408011","2021-12-06 19:15:06"
1,23,"f1b92a1ce5dd0b62ae34c7296af96f5876d461dd","2021-12-06 19:37:38"
1,16,"122e3bfeae15a15d639881c588a243e118cad952","2021-12-06 20:04:26"
5,15,"63abf1616cb2638f7d637237204120a5ed704a5e","2021-12-06 22:40:03"
2,10,"a0b7eabe2ec709d0125112ed02757941b4ae67d3","2021-12-06 22:51:58"
1,21,"75fdf95314ce4cdb57f8976e9a9badd553fb5bb8","2021-12-07 15:33:03"
3,19,"018513e4ee6c6b7c8c15b8481eb102b3681b6812","2021-12-07 15:33:53"
3,13,"4458cf37ccd67f111b254f1cc7205300a592a014","2021-12-07 16:02:39"
5,14,"2b6df0458e50f0b1dc395641e9180fcba051038f","2021-12-07 16:10:06"
1,4,"d25901a83601294d98d72d4609e9334164de67b7","2021-12-07 16:36:27"
5,19,"754775c8d8fa8cc92c4747c1c29db843c6b3c0ff","2021-12-07 16:49:29"
1,27,"f2e5e0ef363970fce925ea81b6f6678fd287d8d8","2021-12-07 16:58:33"
4,17,"9e9de51fe1001d2b2de7c395ac810720a6a0073a","2021-12-07 17:03:00"
6,12,"e0f3a44a1171791132b95e24ab3d5627dc57efbb","2021-12-07 17:40:26"
3,28,"e6e9bee12c06fee2fc5c963f2fd8e351d741fb0a","2021-12-07 18:39:56"
1,27,"c28ffbd1ae05877c6c3e479fb06caaf5ce39f5ea","2021-12-07 20:19:54"
1,12,"8b89dab633cd3412e707eb7cadc5b04bd38d1189","2021-12-07 20:29:17"
5,22,"1b5aa2131f93aa353547b49de8c2ec70be81b710","2021-12-07 20:32:29"
2,20,"f02fd32be1c08316e78634622d7ba64ff4e6a39a","2021-12-07 21:09:58"
6,19,"62d012b6771f03938d989889c9be405b641a420f","2021-12-08 16:05:04"
6,16,"545132a7ecf7ceadcc376dfe31a9ce2fd903980e","2021-12-08 17:11:26"
4,13,"8ef64876db5e79a9a55e5015a1c3a19988dc01ab","2021-12-08 18:28:13"
5,17,"067c79282f12eb0da3b8b1ed59fd6a74e0285b74","2021-12-08 18:39:02"
5,26,"02587546135e2f2b30467111dbfd76b3adc7c319","2021-12-08 19:05:52"
1,11,"b31e529c1f15eaadf0c4aa417cc62f95539595f3","2021-12-08 21:06:55"
6,15,"2dde7685296d78ad4e52676bd49d0552cac808d5","2021-12-08 23:24:50"
3,19,"709a3342c9455c4086a20de73738f0c0869cae41","2021-12-09 15:05:46"
1,12,"1fc61876526b2a0da0cbe7c3e910aa117331e195","2021-12-09 17:09:06"
5,13,"5cd6ac7788a4d3ab01f21741c2744d36f5069cb8","2021-12-09 17:51:38"
2,18,"b1787a7d9ac42ccf29131605dae196e375b0e801","2021-12-09 19:08:53"
1,16,"976676a871b4cac490795b95cb947884f411f4c5","2021-12-09 20:07:24"
6,20,"e0b9af21b812271aad6ae69c1aa2f04a6bacd41e","2021-12-09 21:28:19"
3,20,"2e3bc1a18192d7fbd357ed01be6cb416a4e78396","2021-12-09 23:02:48"
2,29,"2005951938c7d85f43f69c194d65a91c953bd704","2021-12-10 15:44:33"
5,20,"e05852acb143d472b4d4fde0274b0a27dc2aedd3","2021-12-10 16:51:14"
2,22,"87e9f2c361c279810504a7bee8dbac6fd315f9c3","2021-12-10 17:58:11"
2,16,"504b664aedc17e0318cf467c8dfc558ebd5f4a43","2021-12-10 18:11:48"
2,20,"549530589127c5cbab269249fae673a22238a323","2021-12-10 18:12:44"
6,12,"ee79628948fbb0ae6985683c63c05d356d44c6f5","2021-12-10 18:58:24"
1,10,"f80d89ec687ba02f4b1dbb8cce473214bb0ca33f","2021-12-10 20:25:07"
1,19,"be489e6c1f7a6280f9b49c505c9f8a71c7ebc37d","2021-12-13 19:05:10"
2,27,"f209f911e7feeacd719d4a8d59cd4cf394ad0cb7","2021-12-13 20:35:18"
1,16,"029a5ea3196e3b68f92801acc27d05f83f76ca1e","2022-01-25 19:33:22"
6,10,"4270100819665558e80154fad7ef3cebdb564b0a","2022-01-31 16:12:53"
1,13,"4d7fdf939f54d0955a9b24e4c65b2ae78bdf0934","2022-01-31 17:01:45"
1,15,"ef89747ceac1453df7a046f717700f35f1383816","2022-01-31 17:16:39"
6,7,"556ffee69411e0380076f8be15d0f93f2b7342f2","2022-01-31 18:15:48"
3,8,"01817661662e4f4538f7ac4173560e6797287ee3","2022-01-31 18:17:30"
2,18,"414ca76171e3d7fd07e935839d07ed7e67fd22b3","2022-01-31 18:42:59"
3,13,"c0bd65b1e63fb333205f6df4ec8a0dc584b0b857","2022-02-01 15:37:04"
5,19,"96c4b2e87efbc8b5088b6806c485b343c42b0283","2022-02-02 16:11:41"
4,20,"7481cce8e914dd953aa126286ae8a50b2c52cc07","2022-02-02 17:11:56"
5,26,"1e1a3ae7c04805e96887b326b3a68bea77c9f8ca","2022-02-02 18:02:07"
6,7,"a8ac40ceb8a00b4dd660e6f53f4fe7c65d27c1b0","2022-02-02 18:07:40"
1,13,"8b03ee38ee138fc84964ddc8180bd06d2f520cf3","2022-02-02 18:11:56"
4,12,"38dc60868b71accd528d50d1ea2dfa957b59401d","2022-02-02 18:13:50"
2,21,"65c599d913bd558ae3934368f6f3cde070dc8b43","2022-02-02 18:17:38"
5,23,"308644ea02d94670b86d7c488970865ee5e2128a","2022-02-02 21:41:55"
5,26,"16801fb45aa2c97b07337bf362b5d3e10f8ab34b","2022-02-04 17:58:11"
5,18,"014642f72dc0231a94e1140bc4f07f46cdaf6169","2022-02-05 01:12:56"
